Student_ID,Name,Department,Python,SQL,Mathematics,AI,Attendance
S001,Aarav,CSE,85,78,82,88,92
S002,Ananya,CSE,72,81,75,79,88
S003,Rahul,CSE,65,70,68,74,76
S004,Sneha,CSE,91,89,94,92,95
S005,Arjun,CSE,58,62,60,65,72
S006,Priya,CSE,83,86,80,85,91
S007,Kiran,CSE,76,73,78,71,84
S008,Meghana,CSE,88,92,86,90,94
S009,Rohit,CSE,55,59,62,57,68
S010,Divya,CSE,79,84,81,77,87
S011,Vishal,CSE,69,65,72,70,79
S012,Neha,CSE,93,95,91,96,97
S013,Aditya,CSE,74,68,76,73,82
S014,Pooja,CSE,61,67,64,69,75
S015,Varun,CSE,87,80,85,83,90
S016,Ishita,CSE,71,77,69,75,85
S017,Manish,CSE,49,55,52,58,64
S018,Kavya,CSE,82,79,88,84,89
S019,Akash,CSE,66,71,63,68,78
S020,Riya,CSE,90,87,89,91,93